Age,Gender,Education Level,Job Title,Years of Experience,Salary
,,,,,
,,,,,
,,,,,
,,,,,
,,,,,
,,,,,
,,,,,
,,,,,
,,,,,
,,,,,
,,,,,
,,,,,
,,,,,
,,,,,
,,,,,
32,Male,Bachelor's,Software Engineer,5,90000
28,Female,Master's,Data Analyst,3,65000
45,Male,PhD,Senior Manager,15,150000
36,Female,Bachelor's,Sales Associate,7,60000
52,Male,Master's,Director,20,200000
29,Male,Bachelor's,Marketing Analyst,2,55000
42,Female,Master's,Product Manager,12,120000
31,Male,Bachelor's,Sales Manager,4,80000
26,Female,Bachelor's,Marketing Coordinator,1,45000
38,Male,PhD,Senior Scientist,10,110000
29,Male,Master's,Software Developer,3,75000
48,Female,Bachelor's,HR Manager,18,140000
35,Male,Bachelor's,Financial Analyst,6,65000
40,Female,Master's,Project Manager,14,130000
27,Male,Bachelor's,Customer Service Rep,2,40000
44,Male,Bachelor's,Operations Manager,16,125000
33,Female,Master's,Marketing Manager,7,90000
39,Male,PhD,Senior Engineer,12,115000
25,Female,Bachelor's,Data Entry Clerk,0,35000
51,Male,Bachelor's,Sales Director,22,180000
34,Female,Master's,Business Analyst,5,80000
47,Male,Master's,VP of Operations,19,190000
30,Male,Bachelor's,IT Support,2,50000
36,Female,Bachelor's,Recruiter,9,60000
41,Male,Master's,Financial Manager,13,140000
28,Female,Bachelor's,Social Media Specialist,3,45000
37,Female,Master's,Software Manager,11,110000
24,Male,Bachelor's,Junior Developer,1,40000
43,Female,PhD,Senior Consultant,15,140000
33,Male,Master's,Product Designer,6,90000
50,Male,Bachelor's,CEO,25,250000
31,Female,Bachelor's,Accountant,4,55000
29,Male,Master's,Data Scientist,3,75000
39,Female,Bachelor's,Marketing Specialist,10,65000
46,Male,PhD,Senior Manager,20,170000
27,Male,Bachelor's,Technical Writer,2,45000
35,Female,Bachelor's,HR Generalist,7,60000
42,Male,Master's,Project Engineer,14,115000
26,Female,Bachelor's,Customer Success Rep,1,40000
49,Male,Bachelor's,Sales Executive,21,160000
34,Female,Master's,UX Designer,5,80000
48,Male,Master's,Operations Director,18,190000
30,Male,Bachelor's,Network Engineer,3,60000
36,Female,Bachelor's,Administrative Assistant,8,45000
41,Male,Master's,Strategy Consultant,13,130000
28,Female,Bachelor's,Copywriter,2,40000
32,Male,Bachelor's,Account Manager,5,75000
45,Female,Master's,Director of Marketing,16,180000
38,Male,PhD,Senior Scientist,11,120000
25,Male,Bachelor's,Help Desk Analyst,0,35000
51,Female,Bachelor's,Customer Service Manager,22,130000
33,Male,Master's,Business Intelligence Analyst,7,85000
40,Female,Bachelor's,Event Coordinator,12,60000
47,Male,Master's,VP of Finance,19,200000
29,Female,Bachelor's,Graphic Designer,3,50000
36,Male,Bachelor's,Sales Manager,9,95000
27,Female,Master's,UX Researcher,2,65000
43,Male,PhD,Senior Engineer,17,140000
30,Female,Bachelor's,Social Media Manager,4,55000
35,Male,Master's,Product Manager,7,105000
51,Female,Master's,Director of Operations,23,170000
29,Male,Bachelor's,Marketing Analyst,3,50000
40,Female,Bachelor's,HR Manager,12,80000
47,Male,PhD,Senior Data Scientist,21,180000
26,Male,Bachelor's,Junior Accountant,1,35000
38,Female,Master's,Digital Marketing Manager,10,90000
46,Male,Bachelor's,IT Manager,19,120000
31,Female,Bachelor's,Customer Service Representative,5,45000
34,Male,Master's,Business Development Manager,8,90000
49,Female,Master's,Senior Financial Analyst,18,150000
33,Male,Bachelor's,Web Developer,6,65000
39,Female,Bachelor's,Recruiter,11,70000
45,Male,PhD,Research Director,16,190000
28,Male,Bachelor's,Technical Support Specialist,2,40000
42,Female,Master's,Creative Director,14,120000
37,Male,Bachelor's,Project Manager,10,95000
50,Female,Bachelor's,Operations Manager,22,160000
32,Male,Master's,Senior Software Engineer,6,100000
48,Female,Master's,Human Resources Director,20,180000
30,Female,Bachelor's,Content Marketing Manager,3,55000
36,Male,Bachelor's,Technical Recruiter,8,70000
41,Female,Master's,Data Analyst,13,80000
25,Male,Bachelor's,Sales Representative,0,30000
52,Male,PhD,Chief Technology Officer,24,250000
29,Female,Bachelor's,Junior Designer,2,40000
34,Female,Master's,Financial Advisor,10,95000
27,Male,Bachelor's,Junior Account Manager,2,45000
40,Female,Bachelor's,HR Generalist,15,80000
46,Male,Master's,Senior Project Manager,21,135000
31,Female,Bachelor's,Marketing Coordinator,6,55000
36,Male,PhD,Principal Scientist,11,120000
29,Female,Bachelor's,Sales Associate,3,40000
43,Male,Bachelor's,Supply Chain Manager,18,105000
52,Female,Master's,Senior Marketing Manager,25,170000
33,Male,Bachelor's,Business Analyst,7,75000
39,Female,Bachelor's,Training Specialist,12,65000
47,Male,PhD,Research Scientist,22,160000
26,Male,Bachelor's,Junior Software Developer,1,35000
38,Female,Master's,Public Relations Manager,10,90000
45,Male,Bachelor's,Operations Analyst,20,110000
31,Female,Bachelor's,Event Coordinator,5,45000
35,Male,Master's,Product Marketing Manager,8,95000
49,Female,Master's,Senior HR Manager,19,150000
33,Male,Bachelor's,Junior Web Developer,5,50000
39,Female,Master's,Senior Project Coordinator,13,80000
44,Male,PhD,Chief Data Officer,16,220000
30,Female,Bachelor's,Digital Content Producer,3,50000
36,Male,Bachelor's,IT Support Specialist,7,60000
41,Female,Master's,Senior Marketing Analyst,14,100000
28,Male,Bachelor's,Customer Success Manager,2,40000
42,Female,Master's,Senior Graphic Designer,15,110000
37,Male,Bachelor's,Software Project Manager,9,95000
50,Female,Bachelor's,Supply Chain Analyst,22,130000
32,Male,Master's,Senior Business Analyst,6,90000
23,Female,Bachelor's,Junior Marketing Analyst,0.5,35000
31,Male,Master's,Senior Financial Analyst,6,95000
40,Female,Bachelor's,Office Manager,15,65000
48,Male,PhD,Principal Engineer,20,170000
29,Female,Bachelor's,Junior HR Generalist,3,45000
35,Male,Master's,Senior Product Manager,10,120000
42,Female,Bachelor's,Sales Manager,17,100000
53,Male,Master's,Director of Marketing,25,180000
33,Female,Bachelor's,Junior Operations Analyst,5,50000
38,Male,Bachelor's,Customer Service Manager,11,80000
44,Female,PhD,Senior Scientist,16,140000
26,Male,Bachelor's,Junior Accountant,2,40000
37,Female,Master's,Senior HR Generalist,9,95000
45,Male,Bachelor's,Sales Operations Manager,18,110000
32,Female,Bachelor's,Marketing Coordinator,4,50000
34,Male,Master's,Senior Software Developer,8,105000
50,Female,Master's,Director of Operations,21,160000
29,Male,Bachelor's,Junior Web Designer,3,45000
40,Female,Master's,Senior Training Specialist,12,100000
47,Male,PhD,Senior Research Scientist,22,160000
27,Male,Bachelor's,Junior Sales Representative,1,35000
39,Female,Bachelor's,Administrative Assistant,10,55000
46,Male,Master's,Senior Project Manager,19,140000
30,Female,Bachelor's,Junior Marketing Manager,4,50000
36,Male,Bachelor's,Junior Data Analyst,7,60000
43,Female,Master's,Senior Product Marketing Manager,14,120000
28,Male,Bachelor's,Junior Business Analyst,2,40000
41,Female,Master's,Senior Marketing Manager,13,110000
33,Male,Bachelor's,Junior Software Developer,5,50000
47,Male,Bachelor's,Senior Sales Manager,20,135000
25,Female,Master's,Junior Marketing Specialist,1.5,40000
34,Male,Bachelor's,Senior Business Analyst,8,90000
42,Female,PhD,Senior Data Scientist,16,150000
31,Male,Bachelor's,Junior Project Manager,4,60000
38,Female,Bachelor's,Senior Accountant,10,80000
45,Male,Master's,Director of Sales,19,175000
29,Female,Bachelor's,Junior Recruiter,3,45000
36,Male,Master's,Senior Business Development Manager,11,120000
43,Female,PhD,Senior Product Designer,18,140000
26,Male,Bachelor's,Junior Customer Support Specialist,2,35000
37,Female,Master's,Senior Marketing Analyst,9,95000
44,Male,Bachelor's,Senior IT Support Specialist,14,110000
32,Female,Bachelor's,Junior Financial Analyst,5,50000
33,Male,Master's,Senior Operations Manager,7,115000
51,Female,PhD,Director of Human Resources,23,185000
28,Male,Bachelor's,Junior Software Engineer,2,40000
39,Female,Bachelor's,Senior Sales Representative,12,90000
48,Male,Master's,Director of Product Management,21,175000
30,Female,Bachelor's,Junior Copywriter,3,45000
35,Male,Bachelor's,Senior Marketing Coordinator,7,80000
41,Female,Master's,Senior Human Resources Manager,13,120000
27,Male,Bachelor's,Junior Business Development Associate,1.5,35000
40,Female,Bachelor's,Senior Account Manager,14,110000
46,Male,PhD,Senior Researcher,18,150000
31,Female,Bachelor's,Junior HR Coordinator,4,50000
34,Male,Master's,Senior Software Engineer,9,105000
50,Female,Master's,Director of Finance,20,180000
29,Male,Bachelor's,Junior Marketing Coordinator,2,40000
43,Male,Bachelor's,Senior Project Manager,16,140000
26,Female,Master's,Junior Data Scientist,1.5,45000
35,Male,Bachelor's,Senior Operations Analyst,7,85000
42,Female,PhD,Senior Marketing Manager,18,140000
31,Male,Bachelor's,Junior Accountant,4,50000
38,Female,Bachelor's,Senior Human Resources Coordinator,10,80000
46,Male,Master's,Director of Operations,20,170000
29,Female,Bachelor's,Junior Sales Representative,2,40000
37,Male,Master's,Senior Business Analyst,9,105000
44,Female,PhD,Senior UX Designer,15,145000
27,Male,Bachelor's,Junior Product Manager,2,40000
36,Female,Bachelor's,Senior Marketing Specialist,8,85000
43,Male,Bachelor's,Senior IT Project Manager,14,130000
33,Female,Master's,Senior Financial Analyst,6,95000
34,Male,Bachelor's,Senior Quality Assurance Analyst,9,100000
50,Female,PhD,Director of Sales and Marketing,22,180000
28,Male,Bachelor's,Junior Operations Analyst,1.5,35000
39,Female,Bachelor's,Senior Account Executive,12,95000
47,Male,Master's,Director of Business Development,19,170000
30,Female,Bachelor's,Junior Social Media Manager,3,45000
34,Male,Bachelor's,Senior Product Manager,7,95000
40,Female,Master's,Senior Human Resources Specialist,13,120000
28,Male,Bachelor's,Junior Business Analyst,2,40000
41,Female,Bachelor's,Senior Marketing Coordinator,11,90000
45,Male,PhD,Senior Data Analyst,17,155000
32,Female,Bachelor's,Junior Account Manager,5,55000
35,Male,Master's,Senior Software Developer,9,110000
49,Female,Master's,Director of Human Capital,21,180000
30,Male,Bachelor's,Junior Advertising Coordinator,3,45000
44,Male,Bachelor's,Senior Sales Manager,16,130000
27,Female,Master's,Junior UX Designer,1.5,45000
36,Male,Bachelor's,Senior Accountant,7,90000
41,Female,PhD,Senior Marketing Director,17,160000
31,Male,Bachelor's,Junior HR Generalist,4,50000
39,Female,Bachelor's,Senior Operations Manager,10,120000
47,Male,Master's,Director of Finance,20,170000
30,Female,Bachelor's,Junior Marketing Coordinator,2,40000
38,Male,Master's,Senior IT Consultant,9,110000
45,Female,PhD,Senior Product Designer,15,150000
28,Male,Bachelor's,Junior Business Development Associate,2,40000
35,Female,Bachelor's,Senior Marketing Analyst,8,85000
44,Male,Bachelor's,Senior Software Engineer,14,130000
34,Female,Master's,Senior Financial Advisor,6,100000
35,Male,Bachelor's,Senior Project Coordinator,9,95000
50,Female,PhD,Director of Operations,22,180000
29,Male,Bachelor's,Junior Business Operations Analyst,1.5,35000
40,Female,Bachelor's,Senior Sales Representative,12,100000
48,Male,Master's,Director of Marketing,19,170000
31,Female,Bachelor's,Junior Social Media Specialist,3,45000
33,Male,Bachelor's,Senior Product Development Manager,7,100000
42,Female,Master's,Senior Human Resources Manager,13,140000
28,Male,Bachelor's,Junior Financial Analyst,2,40000
40,Female,Bachelor's,Senior Marketing Manager,11,105000
46,Male,PhD,Senior Data Scientist,18,160000
33,Female,Bachelor's,Junior Operations Manager,5,70000
37,Male,Master's,Senior Software Architect,9,120000
51,Female,Master's,Director of Human Resources,21,190000
30,Male,Bachelor's,Junior Marketing Specialist,3,45000
43,Male,Bachelor's,Senior Project Manager,15,120000
27,Female,Master's,Junior Research Scientist,1.5,50000
35,Male,Bachelor's,Senior Operations Analyst,8,85000
42,Female,PhD,Senior Marketing Manager,13,140000
32,Male,Bachelor's,Junior Sales Representative,3,45000
37,Female,Bachelor's,Senior Financial Analyst,9,100000
45,Male,Master's,Senior Software Developer,16,140000
33,Female,Bachelor's,Junior Operations Analyst,5,70000
39,Male,Bachelor's,Senior Marketing Specialist,10,120000
44,Female,PhD,Senior HR Manager,18,160000
29,Male,Bachelor's,Junior Business Analyst,1.5,40000
38,Female,Bachelor's,Senior Product Manager,10,120000
46,Male,PhD,Senior Data Analyst,19,150000
34,Female,Bachelor's,Junior Marketing Analyst,6,70000
36,Male,Bachelor's,Senior Operations Manager,8,95000
49,Female,Master's,Director of Marketing,21,180000
31,Male,Bachelor's,Junior Financial Analyst,3,50000
41,Female,Bachelor's,Senior Project Coordinator,11,95000
47,Male,Master's,Director of Operations,20,170000
30,Female,Bachelor's,Junior Marketing Coordinator,2,40000
38,Male,Master's,Senior IT Consultant,9,110000
45,Female,PhD,Senior Product Designer,15,150000
28,Male,Bachelor's,Junior Business Development Associate,2,40000
35,Female,Bachelor's,Senior Marketing Analyst,8,85000
44,Male,Bachelor's,Senior Software Engineer,14,130000
34,Female,Master's,Senior Financial Advisor,6,100000
35,Male,Bachelor's,Senior Project Coordinator,9,95000
50,Female,PhD,Director of Operations,22,180000
29,Male,Bachelor's,Junior Business Operations Analyst,1.5,350
37,Female,Bachelor's,Senior Financial Manager,10,120000
46,Male,PhD,Senior Data Scientist,18,160000
31,Female,Bachelor's,Junior Marketing Coordinator,3,50000
42,Male,Bachelor's,Senior Operations Manager,12,110000
29,Female,Bachelor's,Junior Sales Representative,1.5,40000
36,Male,Bachelor's,Senior Marketing Specialist,8,95000
44,Female,Master's,Senior HR Specialist,15,140000
33,Male,Bachelor's,Junior Operations Manager,4,60000
39,Female,Bachelor's,Senior Marketing Coordinator,9,110000
45,Male,PhD,Senior Data Engineer,16,150000
32,Female,Bachelor's,Junior Marketing Manager,4,60000
37,Male,Bachelor's,Senior Financial Analyst,8,90000
47,Female,Master's,Director of Marketing,20,180000
30,Male,Bachelor's,Junior Business Analyst,2,40000
38,Female,Bachelor's,Senior Project Manager,9,120000
46,Male,PhD,Senior Data Analyst,17,160000
34,Female,Bachelor's,Junior Financial Analyst,5,70000
36,Male,Bachelor's,Senior Product Manager,8,95000
49,Female,Master's,Director of Operations,21,180000
31,Male,Bachelor's,Junior Operations Analyst,3,50000
41,Female,Bachelor's,Senior Project Coordinator,11,95000
47,Male,Master's,Director of Marketing,19,170000
29,Female,Bachelor's,Junior Business Development Associate,1.5,35000
35,Male,Bachelor's,Senior Financial Manager,9,100000
44,Female,PhD,Senior Product Designer,15,150000
33,Male,Bachelor's,Junior Business Analyst,4,60000
35,Female,Bachelor's,Senior Marketing Analyst,8,85000
44,Male,Bachelor's,Senior Software Engineer,13,130000
32,Male,Bachelor's,Junior Product Manager,4,65000
38,Female,Bachelor's,Senior Business Analyst,10,110000
49,Male,PhD,Director of Operations,21,180000
29,Female,Bachelor's,Junior Marketing Specialist,2,40000
35,Male,Bachelor's,Senior Business Development Manager,7,90000
45,Female,Master's,Senior HR Manager,14,140000
33,Male,Bachelor's,Junior Financial Analyst,4,60000
40,Female,Bachelor's,Senior Marketing Manager,12,130000
44,Male,PhD,Senior Data Scientist,16,160000
30,Female,Bachelor's,Junior Operations Coordinator,2,40000
37,Male,Bachelor's,Senior Marketing Analyst,9,100000
48,Female,Master's,Director of HR,20,180000
31,Male,Bachelor's,Junior Project Manager,3,55000
38,Female,Bachelor's,Senior Operations Coordinator,9,120000
45,Male,PhD,Senior Data Engineer,16,150000
33,Female,Bachelor's,Junior Marketing Manager,5,70000
36,Male,Bachelor's,Senior Business Analyst,8,95000
49,Female,Master's,Director of Marketing,21,180000
31,Male,Bachelor's,Junior Operations Analyst,3,50000
42,Female,Bachelor's,Senior Project Manager,12,120000
47,Male,Master's,Director of Marketing,19,170000
29,Female,Bachelor's,Junior Business Development Associate,1.5,35000
35,Male,Bachelor's,Senior Financial Manager,9,100000
44,Female,PhD,Senior Product Designer,15,150000
33,Male,Bachelor's,Junior Business Analyst,4,60000
35,Female,Bachelor's,Senior Marketing Analyst,8,85000
44,Male,Bachelor's,Senior Software Engineer,13,130000
34,Female,Master's,Senior Financial Advisor,6,80000
36,Male,Bachelor's,Senior Marketing Specialist,8,95000
30,Female,Bachelor's,Junior HR Coordinator,2,40000
37,Male,Bachelor's,Senior Business Development Manager,10,120000
45,Female,Master's,Senior Marketing Manager,16,160000
32,Male,Bachelor's,Junior Financial Advisor,4,65000
39,Female,Bachelor's,Senior Project Manager,12,130000
47,Male,PhD,Director of Engineering,20,180000
29,Female,Bachelor's,Junior Marketing Analyst,2,40000
36,Male,Bachelor's,Senior Operations Manager,9,100000
43,Female,PhD,Senior Data Scientist,15,150000
32,Male,Bachelor's,Junior Marketing Coordinator,3,55000
38,Female,Bachelor's,Senior Business Analyst,10,110000
48,Male,Master's,Director of Marketing,21,180000
31,Female,Bachelor's,Junior Business Development Associate,3,50000
40,Male,Bachelor's,Senior Financial Analyst,12,130000
45,Female,PhD,Senior UX Designer,16,160000
33,Male,Bachelor's,Junior Product Manager,4,60000
36,Female,Bachelor's,Senior Marketing Manager,8,95000
47,Male,Master's,Director of Operations,19,170000
29,Female,Bachelor's,Junior Project Manager,2,40000
34,Male,Bachelor's,Senior Operations Coordinator,7,90000
44,Female,PhD,Senior Business Analyst,15,150000
33,Male,Bachelor's,Junior Marketing Specialist,5,70000
35,Female,Bachelor's,Senior Financial Manager,8,90000
43,Male,Master's,Director of Marketing,18,170000
31,Female,Bachelor's,Junior Financial Analyst,3,50000
41,Male,Bachelor's,Senior Product Manager,14,150000
44,Female,PhD,Senior Data Engineer,16,160000
33,Male,Bachelor's,Junior Business Analyst,4,60000
35,Female,Bachelor's,Senior Marketing Analyst,8,85000
45,Male,Master's,Director of Engineering,19,180000
28,Female,Bachelor's,Junior Operations Manager,1,35000
36,Male,Bachelor's,Senior Business Development Manager,8,110000
44,Female,PhD,Senior Data Scientist,16,160000
31,Male,Bachelor's,Junior Marketing Coordinator,3,55000
38,Female,Bachelor's,Senior Business Analyst,10,110000
48,Male,Master's,Director of Marketing,21,180000
31,Female,Bachelor's,Junior Business Development Associate,3,50000
40,Male,Bachelor's,Senior Financial Analyst,12,130000
45,Female,PhD,Senior UX Designer,16,160000
33,Male,Bachelor's,Junior Product Manager,4,60000
36,Female,Bachelor's,Senior Marketing Manager,8,95000
47,Male,Master's,Director of Operations,19,170000
29,Female,Bachelor's,Junior Project Manager,2,40000
34,Male,Bachelor's,Senior Operations Coordinator,7,90000
44,Female,PhD,Senior Business Analyst,15,150000
33,Male,Bachelor's,Junior Marketing Specialist,5,70000
35,Female,Bachelor's,Senior Financial Manager,8,90000
43,Male,Master's,Director of Marketing,18,170000
31,Female,Bachelor's,Junior Financial Analyst,3,50000
41,Male,Bachelor's,Senior Product Manager,14,150000
44,Female,PhD,Senior Data Engineer,16,160000
33,Male,Bachelor's,Junior Business Analyst,4,60000
35,Female,Bachelor's,Senior Marketing Analyst,8,85000
43,Male,Master's,Director of Operations,19,170000
29,Female,Bachelor's,Junior Project Manager,2,40000
34,Male,Bachelor's,Senior Operations Coordinator,7,90000
44,Female,PhD,Senior Business Analyst,15,150000
38.02698262,Male,Bachelor's,Software Engineer,9.956326213,107142.0436
38.03016629,Female,Master's,Data Analyst,9.955927791,107177.1489
38.03334997,Male,PhD,Senior Manager,9.955529369,107212.2543
38.03653364,Female,Bachelor's,Sales Associate,9.955130947,107247.3596
38.03971732,Male,Master's,Director,9.954732526,107282.4649
38.04290099,Male,Bachelor's,Marketing Analyst,9.954334104,107317.5703
38.04608467,Female,Master's,Product Manager,9.953935682,107352.6756
38.04926834,Male,Bachelor's,Sales Manager,9.95353726,107387.7809
38.05245202,Female,Bachelor's,Marketing Coordinator,9.953138838,107422.8863
38.05563569,Male,PhD,Senior Scientist,9.952740416,107457.9916
38.05881937,Male,Master's,Software Developer,9.952341994,107493.0969
38.06200304,Female,Bachelor's,HR Manager,9.951943573,107528.2023
38.06518672,Male,Bachelor's,Financial Analyst,9.951545151,107563.3076
38.06837039,Female,Master's,Project Manager,9.951146729,107598.4129
38.07155407,Male,Bachelor's,Customer Service Rep,9.950748307,107633.5183
38.07473774,Male,Bachelor's,Operations Manager,9.950349885,107668.6236
38.07792142,Female,Master's,Marketing Manager,9.949951463,107703.729
38.08110509,Male,PhD,Senior Engineer,9.949553041,107738.8343
38.08428877,Female,Bachelor's,Data Entry Clerk,9.94915462,107773.9396
38.08747244,Male,Bachelor's,Sales Director,9.948756198,107809.045
38.09065612,Female,Master's,Business Analyst,9.948357776,107844.1503
38.09383979,Male,Master's,VP of Operations,9.947959354,107879.2556
38.09702347,Male,Bachelor's,IT Support,9.947560932,107914.361
38.10020714,Female,Bachelor's,Recruiter,9.94716251,107949.4663
38.10339082,Male,Master's,Financial Manager,9.946764088,107984.5716
38.10657449,Female,Bachelor's,Social Media Specialist,9.946365667,108019.677
38.10975817,Female,Master's,Software Manager,9.945967245,108054.7823
38.11294184,Male,Bachelor's,Junior Developer,9.945568823,108089.8876
38.11612552,Female,PhD,Senior Consultant,9.945170401,108124.993
38.11930919,Male,Master's,Product Designer,9.944771979,108160.0983
38.12249287,Male,Bachelor's,CEO,9.944373557,108195.2037
38.12567654,Female,Bachelor's,Accountant,9.943975136,108230.309
38.12886022,Male,Master's,Data Scientist,9.943576714,108265.4143
38.13204389,Female,Bachelor's,Marketing Specialist,9.943178292,108300.5197
38.13522757,Male,PhD,Senior Manager,9.94277987,108335.625
38.13841124,Male,Bachelor's,Technical Writer,9.942381448,108370.7303
38.14159492,Female,Bachelor's,HR Generalist,9.941983026,108405.8357
38.14477859,Male,Master's,Project Engineer,9.941584604,108440.941
38.14796227,Female,Bachelor's,Customer Success Rep,9.941186183,108476.0463
38.15114594,Male,Bachelor's,Sales Executive,9.940787761,108511.1517
38.15432962,Female,Master's,UX Designer,9.940389339,108546.257
38.15751329,Male,Master's,Operations Director,9.939990917,108581.3623
38.16069697,Male,Bachelor's,Network Engineer,9.939592495,108616.4677
38.16388064,Female,Bachelor's,Administrative Assistant,9.939194073,108651.573
38.16706432,Male,Master's,Strategy Consultant,9.938795651,108686.6784
38.17024799,Female,Bachelor's,Copywriter,9.93839723,108721.7837
38.17343167,Male,Bachelor's,Account Manager,9.937998808,108756.889
38.17661534,Female,Master's,Director of Marketing,9.937600386,108791.9944
38.17979902,Male,PhD,Senior Scientist,9.937201964,108827.0997
38.18298269,Male,Bachelor's,Help Desk Analyst,9.936803542,108862.205
38.18616637,Female,Bachelor's,Customer Service Manager,9.93640512,108897.3104
38.18935004,Male,Master's,Business Intelligence Analyst,9.936006698,108932.4157
38.19253372,Female,Bachelor's,Event Coordinator,9.935608277,108967.521
38.19571739,Male,Master's,VP of Finance,9.935209855,109002.6264
38.19890107,Female,Bachelor's,Graphic Designer,9.934811433,109037.7317
38.20208474,Male,Bachelor's,Sales Manager,9.934413011,109072.837
38.20526842,Female,Master's,UX Researcher,9.934014589,109107.9424
38.20845209,Male,PhD,Senior Engineer,9.933616167,109143.0477
38.21163577,Female,Bachelor's,Social Media Manager,9.933217746,109178.153
38.21481944,Male,Master's,Product Manager,9.932819324,109213.2584
38.21800312,Female,Master's,Director of Operations,9.932420902,109248.3637
38.22118679,Male,Bachelor's,Marketing Analyst,9.93202248,109283.4691
38.22437047,Female,Bachelor's,HR Manager,9.931624058,109318.5744
38.22755414,Male,PhD,Senior Data Scientist,9.931225636,109353.6797
38.23073782,Male,Bachelor's,Junior Accountant,9.930827214,109388.7851
38.23392149,Female,Master's,Digital Marketing Manager,9.930428793,109423.8904
38.23710517,Male,Bachelor's,IT Manager,9.930030371,109458.9957
38.24028884,Female,Bachelor's,Customer Service Representative,9.929631949,109494.1011
38.24347252,Male,Master's,Business Development Manager,9.929233527,109529.2064
38.24665619,Female,Master's,Senior Financial Analyst,9.928835105,109564.3117
38.24983987,Male,Bachelor's,Web Developer,9.928436683,109599.4171
38.25302354,Female,Bachelor's,Recruiter,9.928038261,109634.5224
38.25620722,Male,PhD,Research Director,9.92763984,109669.6277
38.25939089,Male,Bachelor's,Technical Support Specialist,9.927241418,109704.7331
38.26257457,Female,Master's,Creative Director,9.926842996,109739.8384
38.26575824,Male,Bachelor's,Project Manager,9.926444574,109774.9438
38.26894192,Female,Bachelor's,Operations Manager,9.926046152,109810.0491
38.27212559,Male,Master's,Senior Software Engineer,9.92564773,109845.1544
38.27530927,Female,Master's,Human Resources Director,9.925249308,109880.2598
38.27849294,Female,Bachelor's,Content Marketing Manager,9.924850887,109915.3651
38.28167662,Male,Bachelor's,Technical Recruiter,9.924452465,109950.4704
38.28486029,Female,Master's,Data Analyst,9.924054043,109985.5758
38.28804397,Male,Bachelor's,Sales Representative,9.923655621,110020.6811
38.29122764,Male,PhD,Chief Technology Officer,9.923257199,110055.7864
38.29441132,Female,Bachelor's,Junior Designer,9.922858777,110090.8918
38.29759499,Female,Master's,Financial Advisor,9.922460356,110125.9971
38.30077867,Male,Bachelor's,Junior Account Manager,9.922061934,110161.1024
38.30396234,Female,Bachelor's,HR Generalist,9.921663512,110196.2078
38.30714602,Male,Master's,Senior Project Manager,9.92126509,110231.3131
38.31032969,Female,Bachelor's,Marketing Coordinator,9.920866668,110266.4184
38.31351337,Male,PhD,Principal Scientist,9.920468246,110301.5238
38.31669704,Female,Bachelor's,Sales Associate,9.920069824,110336.6291
38.31988072,Male,Bachelor's,Supply Chain Manager,9.919671403,110371.7345
38.32306439,Female,Master's,Senior Marketing Manager,9.919272981,110406.8398
38.32624807,Male,Bachelor's,Business Analyst,9.918874559,110441.9451
38.32943174,Female,Bachelor's,Training Specialist,9.918476137,110477.0505
38.33261542,Male,PhD,Research Scientist,9.918077715,110512.1558
38.33579909,Male,Bachelor's,Junior Software Developer,9.917679293,110547.2611
38.33898277,Female,Master's,Public Relations Manager,9.917280871,110582.3665
38.34216644,Male,Bachelor's,Operations Analyst,9.91688245,110617.4718
38.34535012,Female,Bachelor's,Event Coordinator,9.916484028,110652.5771
38.34853379,Male,Master's,Product Marketing Manager,9.916085606,110687.6825
38.35171747,Female,Master's,Senior HR Manager,9.915687184,110722.7878
38.35490114,Male,Bachelor's,Junior Web Developer,9.915288762,110757.8931
38.35808482,Female,Master's,Senior Project Coordinator,9.91489034,110792.9985
38.36126849,Male,PhD,Chief Data Officer,9.914491918,110828.1038
38.36445217,Female,Bachelor's,Digital Content Producer,9.914093497,110863.2092
38.36763584,Male,Bachelor's,IT Support Specialist,9.913695075,110898.3145
38.37081952,Female,Master's,Senior Marketing Analyst,9.913296653,110933.4198
38.37400319,Male,Bachelor's,Customer Success Manager,9.912898231,110968.5252
38.37718687,Female,Master's,Senior Graphic Designer,9.912499809,111003.6305
38.38037054,Male,Bachelor's,Software Project Manager,9.912101387,111038.7358
38.38355422,Female,Bachelor's,Supply Chain Analyst,9.911702966,111073.8412
38.38673789,Male,Master's,Senior Business Analyst,9.911304544,111108.9465
38.38992157,Female,Bachelor's,Junior Marketing Analyst,9.910906122,111144.0518
38.39310524,Male,Master's,Senior Financial Analyst,9.9105077,111179.1572
38.39628892,Female,Bachelor's,Office Manager,9.910109278,111214.2625
38.39947259,Male,PhD,Principal Engineer,9.909710856,111249.3678
38.40265627,Female,Bachelor's,Junior HR Generalist,9.909312434,111284.4732
38.40583994,Male,Master's,Senior Product Manager,9.908914013,111319.5785
38.40902362,Female,Bachelor's,Sales Manager,9.908515591,111354.6839
38.41220729,Male,Master's,Director of Marketing,9.908117169,111389.7892
38.41539097,Female,Bachelor's,Junior Operations Analyst,9.907718747,111424.8945
38.41857464,Male,Bachelor's,Customer Service Manager,9.907320325,111459.9999
38.42175832,Female,PhD,Senior Scientist,9.906921903,111495.1052
38.42494199,Male,Bachelor's,Junior Accountant,9.906523481,111530.2105
38.42812567,Female,Master's,Senior HR Generalist,9.90612506,111565.3159
38.43130934,Male,Bachelor's,Sales Operations Manager,9.905726638,111600.4212
38.43449302,Female,Bachelor's,Marketing Coordinator,9.905328216,111635.5265
38.43767669,Male,Master's,Senior Software Developer,9.904929794,111670.6319
38.44086037,Female,Master's,Director of Operations,9.904531372,111705.7372
38.44404404,Male,Bachelor's,Junior Web Designer,9.90413295,111740.8425
38.44722772,Female,Master's,Senior Training Specialist,9.903734528,111775.9479
38.45041139,Male,PhD,Senior Research Scientist,9.903336107,111811.0532
38.45359507,Male,Bachelor's,Junior Sales Representative,9.902937685,111846.1585
38.45677874,Female,Bachelor's,Administrative Assistant,9.902539263,111881.2639
38.45996242,Male,Master's,Senior Project Manager,9.902140841,111916.3692
38.46314609,Female,Bachelor's,Junior Marketing Manager,9.901742419,111951.4746
38.46632977,Male,Bachelor's,Junior Data Analyst,9.901343997,111986.5799
38.46951344,Female,Master's,Senior Product Marketing Manager,9.900945576,112021.6852
38.47269712,Male,Bachelor's,Junior Business Analyst,9.900547154,112056.7906
38.47588079,Female,Master's,Senior Marketing Manager,9.900148732,112091.8959
38.47906447,Male,Bachelor's,Junior Software Developer,9.89975031,112127.0012
38.48224814,Male,Bachelor's,Senior Sales Manager,9.899351888,112162.1066
38.48543182,Female,Master's,Junior Marketing Specialist,9.898953466,112197.2119
38.48861549,Male,Bachelor's,Senior Business Analyst,9.898555044,112232.3172
38.49179917,Female,PhD,Senior Data Scientist,9.898156623,112267.4226
38.49498284,Male,Bachelor's,Junior Project Manager,9.897758201,112302.5279
38.49816652,Female,Bachelor's,Senior Accountant,9.897359779,112337.6332
38.50135019,Male,Master's,Director of Sales,9.896961357,112372.7386
38.50453387,Female,Bachelor's,Junior Recruiter,9.896562935,112407.8439
38.50771754,Male,Master's,Senior Business Development Manager,9.896164513,112442.9493
38.51090122,Female,PhD,Senior Product Designer,9.895766091,112478.0546
38.51408489,Male,Bachelor's,Junior Customer Support Specialist,9.89536767,112513.1599
38.51726857,Female,Master's,Senior Marketing Analyst,9.894969248,112548.2653
38.52045224,Male,Bachelor's,Senior IT Support Specialist,9.894570826,112583.3706
38.52363592,Female,Bachelor's,Junior Financial Analyst,9.894172404,112618.4759
38.52681959,Male,Master's,Senior Operations Manager,9.893773982,112653.5813
38.53000327,Female,PhD,Director of Human Resources,9.89337556,112688.6866
38.53318694,Male,Bachelor's,Junior Software Engineer,9.892977138,112723.7919
38.53637062,Female,Bachelor's,Senior Sales Representative,9.892578717,112758.8973
38.53955429,Male,Master's,Director of Product Management,9.892180295,112794.0026
38.54273797,Female,Bachelor's,Junior Copywriter,9.891781873,112829.1079
38.54592164,Male,Bachelor's,Senior Marketing Coordinator,9.891383451,112864.2133
38.54910532,Female,Master's,Senior Human Resources Manager,9.890985029,112899.3186
38.55228899,Male,Bachelor's,Junior Business Development Associate,9.890586607,112934.4239
38.55547267,Female,Bachelor's,Senior Account Manager,9.890188186,112969.5293
38.55865634,Male,PhD,Senior Researcher,9.889789764,113004.6346
38.56184002,Female,Bachelor's,Junior HR Coordinator,9.889391342,113039.74
38.56502369,Male,Master's,Senior Software Engineer,9.88899292,113074.8453
38.56820737,Female,Master's,Director of Finance,9.888594498,113109.9506
38.57139104,Male,Bachelor's,Junior Marketing Coordinator,9.888196076,113145.056
38.57457472,Male,Bachelor's,Senior Project Manager,9.887797654,113180.1613
38.57775839,Female,Master's,Junior Data Scientist,9.887399233,113215.2666
38.58094207,Male,Bachelor's,Senior Operations Analyst,9.887000811,113250.372
38.58412574,Female,PhD,Senior Marketing Manager,9.886602389,113285.4773
38.58730942,Male,Bachelor's,Junior Accountant,9.886203967,113320.5826
38.5904931,Female,Bachelor's,Senior Human Resources Coordinator,9.885805545,113355.688
38.59367677,Male,Master's,Director of Operations,9.885407123,113390.7933
38.59686045,Female,Bachelor's,Junior Sales Representative,9.885008701,113425.8986
38.60004412,Male,Master's,Senior Business Analyst,9.88461028,113461.004
38.6032278,Female,PhD,Senior UX Designer,9.884211858,113496.1093
38.60641147,Male,Bachelor's,Junior Product Manager,9.883813436,113531.2147
38.60959515,Female,Bachelor's,Senior Marketing Specialist,9.883415014,113566.32
38.61277882,Male,Bachelor's,Senior IT Project Manager,9.883016592,113601.4253
38.6159625,Female,Master's,Senior Financial Analyst,9.88261817,113636.5307
38.61914617,Male,Bachelor's,Senior Quality Assurance Analyst,9.882219748,113671.636
38.62232985,Female,PhD,Director of Sales and Marketing,9.881821327,113706.7413
38.62551352,Male,Bachelor's,Junior Operations Analyst,9.881422905,113741.8467
38.6286972,Female,Bachelor's,Senior Account Executive,9.881024483,113776.952
38.63188087,Male,Master's,Director of Business Development,9.880626061,113812.0573
38.63506455,Female,Bachelor's,Junior Social Media Manager,9.880227639,113847.1627
38.63824822,Male,Bachelor's,Senior Product Manager,9.879829217,113882.268
38.6414319,Female,Master's,Senior Human Resources Specialist,9.879430796,113917.3733
38.64461557,Male,Bachelor's,Junior Business Analyst,9.879032374,113952.4787
38.64779925,Female,Bachelor's,Senior Marketing Coordinator,9.878633952,113987.584
38.65098292,Male,PhD,Senior Data Analyst,9.87823553,114022.6893
38.6541666,Female,Bachelor's,Junior Account Manager,9.877837108,114057.7947
38.65735027,Male,Master's,Senior Software Developer,9.877438686,114092.9
38.66053395,Female,Master's,Director of Human Capital,9.877040264,114128.0054
38.66371762,Male,Bachelor's,Junior Advertising Coordinator,9.876641843,114163.1107
38.6669013,Male,Bachelor's,Senior Sales Manager,9.876243421,114198.216
38.67008497,Female,Master's,Junior UX Designer,9.875844999,114233.3214
38.67326865,Male,Bachelor's,Senior Accountant,9.875446577,114268.4267
38.67645232,Female,PhD,Senior Marketing Director,9.875048155,114303.532
38.679636,Male,Bachelor's,Junior HR Generalist,9.874649733,114338.6374
38.68281967,Female,Bachelor's,Senior Operations Manager,9.874251311,114373.7427
38.68600335,Male,Master's,Director of Finance,9.87385289,114408.848
38.68918702,Female,Bachelor's,Junior Marketing Coordinator,9.873454468,114443.9534
38.6923707,Male,Master's,Senior IT Consultant,9.873056046,114479.0587
38.69555437,Female,PhD,Senior Product Designer,9.872657624,114514.164
38.69873805,Male,Bachelor's,Junior Business Development Associate,9.872259202,114549.2694
38.70192172,Female,Bachelor's,Senior Marketing Analyst,9.87186078,114584.3747
38.7051054,Male,Bachelor's,Senior Software Engineer,9.871462359,114619.4801
38.70828907,Female,Master's,Senior Financial Advisor,9.871063937,114654.5854
38.71147275,Male,Bachelor's,Senior Project Coordinator,9.870665515,114689.6907
38.71465642,Female,PhD,Director of Operations,9.870267093,114724.7961
38.7178401,Male,Bachelor's,Junior Business Operations Analyst,9.869868671,114759.9014
38.72102377,Female,Bachelor's,Senior Sales Representative,9.869470249,114795.0067
38.72420745,Male,Master's,Director of Marketing,9.869071827,114830.1121
38.72739112,Female,Bachelor's,Junior Social Media Specialist,9.868673406,114865.2174
38.7305748,Male,Bachelor's,Senior Product Development Manager,9.868274984,114900.3227
38.73375847,Female,Master's,Senior Human Resources Manager,9.867876562,114935.4281
38.73694215,Male,Bachelor's,Junior Financial Analyst,9.86747814,114970.5334
38.74012582,Female,Bachelor's,Senior Marketing Manager,9.867079718,115005.6387
38.7433095,Male,PhD,Senior Data Scientist,9.866681296,115040.7441
38.74649317,Female,Bachelor's,Junior Operations Manager,9.866282874,115075.8494
38.74967685,Male,Master's,Senior Software Architect,9.865884453,115110.9548
38.75286052,Female,Master's,Director of Human Resources,9.865486031,115146.0601
38.7560442,Male,Bachelor's,Junior Marketing Specialist,9.865087609,115181.1654
38.75922787,Male,Bachelor's,Senior Project Manager,9.864689187,115216.2708
38.76241155,Female,Master's,Junior Research Scientist,9.864290765,115251.3761
38.76559522,Male,Bachelor's,Senior Operations Analyst,9.863892343,115286.4814
38.7687789,Female,PhD,Senior Marketing Manager,9.863493921,115321.5868
38.77196257,Male,Bachelor's,Junior Sales Representative,9.8630955,115356.6921
38.77514625,Female,Bachelor's,Senior Financial Analyst,9.862697078,115391.7974
38.77832992,Male,Master's,Senior Software Developer,9.862298656,115426.9028
38.7815136,Female,Bachelor's,Junior Operations Analyst,9.861900234,115462.0081
38.78469727,Male,Bachelor's,Senior Marketing Specialist,9.861501812,115497.1134
38.78788095,Female,PhD,Senior HR Manager,9.86110339,115532.2188
38.79106462,Male,Bachelor's,Junior Business Analyst,9.860704969,115567.3241
38.7942483,Female,Bachelor's,Senior Product Manager,9.860306547,115602.4294
38.79743197,Male,PhD,Senior Data Analyst,9.859908125,115637.5348
38.80061565,Female,Bachelor's,Junior Marketing Analyst,9.859509703,115672.6401
38.80379932,Male,Bachelor's,Senior Operations Manager,9.859111281,115707.7455
38.806983,Female,Master's,Director of Marketing,9.858712859,115742.8508
38.81016667,Male,Bachelor's,Junior Financial Analyst,9.858314437,115777.9561
38.81335035,Female,Bachelor's,Senior Project Coordinator,9.857916016,115813.0615
38.81653402,Male,Master's,Director of Operations,9.857517594,115848.1668
38.8197177,Female,Bachelor's,Junior Marketing Coordinator,9.857119172,115883.2721
38.82290137,Male,Master's,Senior IT Consultant,9.85672075,115918.3775
38.82608505,Female,PhD,Senior Product Designer,9.856322328,115953.4828
38.82926872,Male,Bachelor's,Junior Business Development Associate,9.855923906,115988.5881
38.8324524,Female,Bachelor's,Senior Marketing Analyst,9.855525484,116023.6935
38.83563607,Male,Bachelor's,Senior Software Engineer,9.855127063,116058.7988
38.83881975,Female,Master's,Senior Financial Advisor,9.854728641,116093.9041
38.84200342,Male,Bachelor's,Senior Project Coordinator,9.854330219,116129.0095
38.8451871,Female,PhD,Director of Operations,9.853931797,116164.1148
38.84837077,Male,Bachelor's,Junior Business Operations Analyst,9.853533375,116199.2202
38.85155445,Female,Bachelor's,Senior Financial Manager,9.853134953,116234.3255
38.85473812,Male,PhD,Senior Data Scientist,9.852736531,116269.4308
38.8579218,Female,Bachelor's,Junior Marketing Coordinator,9.85233811,116304.5362
38.86110547,Male,Bachelor's,Senior Operations Manager,9.851939688,116339.6415
38.86428915,Female,Bachelor's,Junior Sales Representative,9.851541266,116374.7468
38.86747282,Male,Bachelor's,Senior Marketing Specialist,9.851142844,116409.8522
38.8706565,Female,Master's,Senior HR Specialist,9.850744422,116444.9575
38.87384017,Male,Bachelor's,Junior Operations Manager,9.850346,116480.0628
38.87702385,Female,Bachelor's,Senior Marketing Coordinator,9.849947579,116515.1682
38.88020752,Male,PhD,Senior Data Engineer,9.849549157,116550.2735
38.8833912,Female,Bachelor's,Junior Marketing Manager,9.849150735,116585.3788
38.88657487,Male,Bachelor's,Senior Financial Analyst,9.848752313,116620.4842
38.88975855,Female,Master's,Director of Marketing,9.848353891,116655.5895
38.89294222,Male,Bachelor's,Junior Business Analyst,9.847955469,116690.6948
38.8961259,Female,Bachelor's,Senior Project Manager,9.847557047,116725.8002
38.89930957,Male,PhD,Senior Data Analyst,9.847158626,116760.9055
38.90249325,Female,Bachelor's,Junior Financial Analyst,9.846760204,116796.0109
38.90567692,Male,Bachelor's,Senior Product Manager,9.846361782,116831.1162
38.9088606,Female,Master's,Director of Operations,9.84596336,116866.2215
38.91204427,Male,Bachelor's,Junior Operations Analyst,9.845564938,116901.3269
38.91522795,Female,Bachelor's,Senior Project Coordinator,9.845166516,116936.4322
38.91841162,Male,Master's,Director of Marketing,9.844768094,116971.5375
38.9215953,Female,Bachelor's,Junior Business Development Associate,9.844369673,117006.6429
38.92477897,Male,Bachelor's,Senior Financial Manager,9.843971251,117041.7482
38.92796265,Female,PhD,Senior Product Designer,9.843572829,117076.8535
38.93114632,Male,Bachelor's,Junior Business Analyst,9.843174407,117111.9589
38.93433,Female,Bachelor's,Senior Marketing Analyst,9.842775985,117147.0642
38.93751367,Male,Bachelor's,Senior Software Engineer,9.842377563,117182.1695
38.94069735,Male,Bachelor's,Junior Product Manager,9.841979141,117217.2749
38.94388102,Female,Bachelor's,Senior Business Analyst,9.84158072,117252.3802
38.9470647,Male,PhD,Director of Operations,9.841182298,117287.4856
38.95024837,Female,Bachelor's,Junior Marketing Specialist,9.840783876,117322.5909
38.95343205,Male,Bachelor's,Senior Business Development Manager,9.840385454,117357.6962
38.95661572,Female,Master's,Senior HR Manager,9.839987032,117392.8016
38.9597994,Male,Bachelor's,Junior Financial Analyst,9.83958861,117427.9069
38.96298307,Female,Bachelor's,Senior Marketing Manager,9.839190189,117463.0122
38.96616675,Male,PhD,Senior Data Scientist,9.838791767,117498.1176
38.96935042,Female,Bachelor's,Junior Operations Coordinator,9.838393345,117533.2229
38.9725341,Male,Bachelor's,Senior Marketing Analyst,9.837994923,117568.3282
38.97571777,Female,Master's,Director of HR,9.837596501,117603.4336
38.97890145,Male,Bachelor's,Junior Project Manager,9.837198079,117638.5389
38.98208512,Female,Bachelor's,Senior Operations Coordinator,9.836799657,117673.6442
38.9852688,Male,PhD,Senior Data Engineer,9.836401236,117708.7496
38.98845247,Female,Bachelor's,Junior Marketing Manager,9.836002814,117743.8549
38.99163615,Male,Bachelor's,Senior Business Analyst,9.835604392,117778.9603
38.99481982,Female,Master's,Director of Marketing,9.83520597,117814.0656
38.9980035,Male,Bachelor's,Junior Operations Analyst,9.834807548,117849.1709
39.00118717,Female,Bachelor's,Senior Project Manager,9.834409126,117884.2763
39.00437085,Male,Master's,Director of Marketing,9.834010704,117919.3816
39.00755452,Female,Bachelor's,Junior Business Development Associate,9.833612283,117954.4869
39.0107382,Male,Bachelor's,Senior Financial Manager,9.833213861,117989.5923
39.01392187,Female,PhD,Senior Product Designer,9.832815439,118024.6976
39.01710555,Male,Bachelor's,Junior Business Analyst,9.832417017,118059.8029
39.02028922,Female,Bachelor's,Senior Marketing Analyst,9.832018595,118094.9083
39.0234729,Male,Bachelor's,Senior Software Engineer,9.831620173,118130.0136
39.02665657,Female,Master's,Senior Financial Advisor,9.831221751,118165.1189
39.02984025,Male,Bachelor's,Senior Marketing Specialist,9.83082333,118200.2243
39.03302392,Female,Bachelor's,Junior HR Coordinator,9.830424908,118235.3296
39.0362076,Male,Bachelor's,Senior Business Development Manager,9.830026486,118270.4349
39.03939127,Female,Master's,Senior Marketing Manager,9.829628064,118305.5403
39.04257495,Male,Bachelor's,Junior Financial Advisor,9.829229642,118340.6456
39.04575862,Female,Bachelor's,Senior Project Manager,9.82883122,118375.751
39.0489423,Male,PhD,Director of Engineering,9.828432799,118410.8563
39.05212597,Female,Bachelor's,Junior Marketing Analyst,9.828034377,118445.9616
39.05530965,Male,Bachelor's,Senior Operations Manager,9.827635955,118481.067
39.05849332,Female,PhD,Senior Data Scientist,9.827237533,118516.1723
39.061677,Male,Bachelor's,Junior Marketing Coordinator,9.826839111,118551.2776
39.06486067,Female,Bachelor's,Senior Business Analyst,9.826440689,118586.383
39.06804435,Male,Master's,Director of Marketing,9.826042267,118621.4883
39.07122802,Female,Bachelor's,Junior Business Development Associate,9.825643846,118656.5936
39.0744117,Male,Bachelor's,Senior Financial Analyst,9.825245424,118691.699
39.07759537,Female,PhD,Senior UX Designer,9.824847002,118726.8043
39.08077905,Male,Bachelor's,Junior Product Manager,9.82444858,118761.9096
39.08396272,Female,Bachelor's,Senior Marketing Manager,9.824050158,118797.015
39.0871464,Male,Master's,Director of Operations,9.823651736,118832.1203
39.09033007,Female,Bachelor's,Junior Project Manager,9.823253314,118867.2257
39.09351375,Male,Bachelor's,Senior Operations Coordinator,9.822854893,118902.331
39.09669742,Female,PhD,Senior Business Analyst,9.822456471,118937.4363
39.0998811,Male,Bachelor's,Junior Marketing Specialist,9.822058049,118972.5417
39.10306477,Female,Bachelor's,Senior Financial Manager,9.821659627,119007.647
39.10624845,Male,Master's,Director of Marketing,9.821261205,119042.7523
39.10943212,Female,Bachelor's,Junior Financial Analyst,9.820862783,119077.8577
39.1126158,Male,Bachelor's,Senior Product Manager,9.820464361,119112.963
39.11579947,Female,PhD,Senior Data Engineer,9.82006594,119148.0683
39.11898315,Male,Bachelor's,Junior Business Analyst,9.819667518,119183.1737
39.12216682,Female,Bachelor's,Senior Marketing Analyst,9.819269096,119218.279
39.1253505,Male,Master's,Director of Engineering,9.818870674,119253.3843
39.12853417,Female,Bachelor's,Junior Operations Manager,9.818472252,119288.4897
39.13171785,Male,Bachelor's,Senior Business Development Manager,9.81807383,119323.595
39.13490152,Female,PhD,Senior Data Scientist,9.817675409,119358.7003
39.1380852,Male,Bachelor's,Junior Marketing Coordinator,9.817276987,119393.8057
39.14126887,Female,Bachelor's,Senior Business Analyst,9.816878565,119428.911
39.14445255,Male,Master's,Director of Marketing,9.816480143,119464.0164
39.14763622,Female,Bachelor's,Junior Business Development Associate,9.816081721,119499.1217
39.1508199,Male,Bachelor's,Senior Financial Analyst,9.815683299,119534.227
39.15400357,Female,PhD,Senior UX Designer,9.815284877,119569.3324
39.15718725,Male,Bachelor's,Junior Product Manager,9.814886456,119604.4377
39.16037092,Female,Bachelor's,Senior Marketing Manager,9.814488034,119639.543
39.1635546,Male,Master's,Director of Operations,9.814089612,119674.6484
39.16673827,Female,Bachelor's,Junior Project Manager,9.81369119,119709.7537
39.16992195,Male,Bachelor's,Senior Operations Coordinator,9.813292768,119744.859
39.17310562,Female,PhD,Senior Business Analyst,9.812894346,119779.9644
39.1762893,Male,Bachelor's,Junior Marketing Specialist,9.812495924,119815.0697
39.17947297,Female,Bachelor's,Senior Financial Manager,9.812097503,119850.175
39.18265665,Male,Master's,Director of Marketing,9.811699081,119885.2804
39.18584032,Female,Bachelor's,Junior Financial Analyst,9.811300659,119920.3857
39.189024,Male,Bachelor's,Senior Product Manager,9.810902237,119955.4911
39.19220767,Female,PhD,Senior Data Engineer,9.810503815,119990.5964
39.19539135,Male,Bachelor's,Junior Business Analyst,9.810105393,120025.7017
39.19857502,Female,Bachelor's,Senior Marketing Analyst,9.809706971,120060.8071
39.2017587,Male,Master's,Director of Operations,9.80930855,120095.9124
39.20494237,Female,Bachelor's,Junior Project Manager,9.808910128,120131.0177
39.20812605,Male,Bachelor's,Senior Operations Coordinator,9.808511706,120166.1231
39.21130972,Female,PhD,Senior Business Analyst,9.808113284,120201.2284
39.2144934,Male,Bachelor's,Software Engineer,9.807714862,120236.3337
39.21767707,Female,Master's,Data Analyst,9.80731644,120271.4391
39.22086075,Male,PhD,Senior Manager,9.806918019,120306.5444
39.22404442,Female,Bachelor's,Sales Associate,9.806519597,120341.6497
39.2272281,Male,Master's,Director,9.806121175,120376.7551
39.23041177,Male,Bachelor's,Marketing Analyst,9.805722753,120411.8604
39.23359545,Female,Master's,Product Manager,9.805324331,120446.9658
39.23677912,Male,Bachelor's,Sales Manager,9.804925909,120482.0711
39.2399628,Female,Bachelor's,Marketing Coordinator,9.804527487,120517.1764
39.24314647,Male,PhD,Senior Scientist,9.804129066,120552.2818
39.24633015,Male,Master's,Software Developer,9.803730644,120587.3871
39.24951382,Female,Bachelor's,HR Manager,9.803332222,120622.4924
39.2526975,Male,Bachelor's,Financial Analyst,9.8029338,120657.5978
39.25588117,Female,Master's,Project Manager,9.802535378,120692.7031
39.25906485,Male,Bachelor's,Customer Service Rep,9.802136956,120727.8084
39.26224852,Male,Bachelor's,Operations Manager,9.801738534,120762.9138
39.2654322,Female,Master's,Marketing Manager,9.801340113,120798.0191
39.26861587,Male,PhD,Senior Engineer,9.800941691,120833.1244
39.27179955,Female,Bachelor's,Data Entry Clerk,9.800543269,120868.2298
39.27498322,Male,Bachelor's,Sales Director,9.800144847,120903.3351
39.2781669,Female,Master's,Business Analyst,9.799746425,120938.4404
39.28135057,Male,Master's,VP of Operations,9.799348003,120973.5458
39.28453425,Male,Bachelor's,IT Support,9.798949581,121008.6511
39.28771792,Female,Bachelor's,Recruiter,9.79855116,121043.7565
39.2909016,Male,Master's,Financial Manager,9.798152738,121078.8618
39.29408527,Female,Bachelor's,Social Media Specialist,9.797754316,121113.9671
39.29726895,Female,Master's,Software Manager,9.797355894,121149.0725
39.30045262,Male,Bachelor's,Junior Developer,9.796957472,121184.1778
39.3036363,Female,PhD,Senior Consultant,9.79655905,121219.2831
39.30681997,Male,Master's,Product Designer,9.796160629,121254.3885
39.31000365,Male,Bachelor's,CEO,9.795762207,121289.4938
39.31318732,Female,Bachelor's,Accountant,9.795363785,121324.5991
39.316371,Male,Master's,Data Scientist,9.794965363,121359.7045
39.31955467,Female,Bachelor's,Marketing Specialist,9.794566941,121394.8098
39.32273835,Male,PhD,Senior Manager,9.794168519,121429.9151
39.32592202,Male,Bachelor's,Technical Writer,9.793770097,121465.0205
39.3291057,Female,Bachelor's,HR Generalist,9.793371676,121500.1258
39.33228937,Male,Master's,Project Engineer,9.792973254,121535.2312
39.33547305,Female,Bachelor's,Customer Success Rep,9.792574832,121570.3365
39.33865672,Male,Bachelor's,Sales Executive,9.79217641,121605.4418
39.3418404,Female,Master's,UX Designer,9.791777988,121640.5472
39.34502407,Male,Master's,Operations Director,9.791379566,121675.6525
39.34820775,Male,Bachelor's,Network Engineer,9.790981144,121710.7578
39.35139142,Female,Bachelor's,Administrative Assistant,9.790582723,121745.8632
39.3545751,Male,Master's,Strategy Consultant,9.790184301,121780.9685
39.35775877,Female,Bachelor's,Copywriter,9.789785879,121816.0738
39.36094245,Male,Bachelor's,Account Manager,9.789387457,121851.1792
39.36412612,Female,Master's,Director of Marketing,9.788989035,121886.2845
39.3673098,Male,PhD,Senior Scientist,9.788590613,121921.3898
39.37049347,Male,Bachelor's,Help Desk Analyst,9.788192191,121956.4952
39.37367715,Female,Bachelor's,Customer Service Manager,9.78779377,121991.6005
39.37686082,Male,Master's,Business Intelligence Analyst,9.787395348,122026.7058
39.3800445,Female,Bachelor's,Event Coordinator,9.786996926,122061.8112
39.38322817,Male,Master's,VP of Finance,9.786598504,122096.9165
39.38641185,Female,Bachelor's,Graphic Designer,9.786200082,122132.0219
39.38959552,Male,Bachelor's,Sales Manager,9.78580166,122167.1272
39.3927792,Female,Master's,UX Researcher,9.785403239,122202.2325
39.39596287,Male,PhD,Senior Engineer,9.785004817,122237.3379
39.39914655,Female,Bachelor's,Social Media Manager,9.784606395,122272.4432
39.40233022,Male,Master's,Product Manager,9.784207973,122307.5485
39.4055139,Female,Master's,Director of Operations,9.783809551,122342.6539
39.40869757,Male,Bachelor's,Marketing Analyst,9.783411129,122377.7592
39.41188125,Female,Bachelor's,HR Manager,9.783012707,122412.8645
39.41506492,Male,PhD,Senior Data Scientist,9.782614286,122447.9699
39.4182486,Male,Bachelor's,Junior Accountant,9.782215864,122483.0752
39.42143227,Female,Master's,Digital Marketing Manager,9.781817442,122518.1805
39.42461595,Male,Bachelor's,IT Manager,9.78141902,122553.2859
39.42779962,Female,Bachelor's,Customer Service Representative,9.781020598,122588.3912
39.4309833,Male,Master's,Business Development Manager,9.780622176,122623.4966
39.43416697,Female,Master's,Senior Financial Analyst,9.780223754,122658.6019
39.43735065,Male,Bachelor's,Web Developer,9.779825333,122693.7072
39.44053432,Female,Bachelor's,Recruiter,9.779426911,122728.8126
39.443718,Male,PhD,Research Director,9.779028489,122763.9179
39.44690167,Male,Bachelor's,Technical Support Specialist,9.778630067,122799.0232
39.45008535,Female,Master's,Creative Director,9.778231645,122834.1286
39.45326902,Male,Bachelor's,Project Manager,9.777833223,122869.2339
39.4564527,Female,Bachelor's,Operations Manager,9.777434801,122904.3392
39.45963637,Male,Master's,Senior Software Engineer,9.77703638,122939.4446
39.46282005,Female,Master's,Human Resources Director,9.776637958,122974.5499
39.46600372,Female,Bachelor's,Content Marketing Manager,9.776239536,123009.6552
39.4691874,Male,Bachelor's,Technical Recruiter,9.775841114,123044.7606
39.47237107,Female,Master's,Data Analyst,9.775442692,123079.8659
39.47555475,Male,Bachelor's,Sales Representative,9.77504427,123114.9713
39.47873842,Male,PhD,Chief Technology Officer,9.774645849,123150.0766
39.4819221,Female,Bachelor's,Junior Designer,9.774247427,123185.1819
39.48510577,Female,Master's,Financial Advisor,9.773849005,123220.2873
39.48828945,Male,Bachelor's,Junior Account Manager,9.773450583,123255.3926
39.49147312,Female,Bachelor's,HR Generalist,9.773052161,123290.4979
39.4946568,Male,Master's,Senior Project Manager,9.772653739,123325.6033
39.49784047,Female,Bachelor's,Marketing Coordinator,9.772255317,123360.7086
39.50102415,Male,PhD,Principal Scientist,9.771856896,123395.8139
39.50420782,Female,Bachelor's,Sales Associate,9.771458474,123430.9193
39.5073915,Male,Bachelor's,Supply Chain Manager,9.771060052,123466.0246
39.51057518,Female,Master's,Senior Marketing Manager,9.77066163,123501.1299
39.51375885,Male,Bachelor's,Business Analyst,9.770263208,123536.2353
39.51694253,Female,Bachelor's,Training Specialist,9.769864786,123571.3406
39.5201262,Male,PhD,Research Scientist,9.769466364,123606.4459
39.52330988,Male,Bachelor's,Junior Software Developer,9.769067943,123641.5513
39.52649355,Female,Master's,Public Relations Manager,9.768669521,123676.6566
39.52967723,Male,Bachelor's,Operations Analyst,9.768271099,123711.762
39.5328609,Female,Bachelor's,Event Coordinator,9.767872677,123746.8673
39.53604458,Male,Master's,Product Marketing Manager,9.767474255,123781.9726
39.53922825,Female,Master's,Senior HR Manager,9.767075833,123817.078
39.54241193,Male,Bachelor's,Junior Web Developer,9.766677411,123852.1833
39.5455956,Female,Master's,Senior Project Coordinator,9.76627899,123887.2886
39.54877928,Male,PhD,Chief Data Officer,9.765880568,123922.394
39.55196295,Female,Bachelor's,Digital Content Producer,9.765482146,123957.4993
39.55514663,Male,Bachelor's,IT Support Specialist,9.765083724,123992.6046
39.5583303,Female,Master's,Senior Marketing Analyst,9.764685302,124027.71
39.56151398,Male,Bachelor's,Customer Success Manager,9.76428688,124062.8153
39.56469765,Female,Master's,Senior Graphic Designer,9.763888459,124097.9206
39.56788133,Male,Bachelor's,Software Project Manager,9.763490037,124133.026
39.571065,Female,Bachelor's,Supply Chain Analyst,9.763091615,124168.1313
39.57424868,Male,Master's,Senior Business Analyst,9.762693193,124203.2367
39.57743235,Female,Bachelor's,Junior Marketing Analyst,9.762294771,124238.342
39.58061603,Male,Master's,Senior Financial Analyst,9.761896349,124273.4473
39.5837997,Female,Bachelor's,Office Manager,9.761497927,124308.5527
39.58698338,Male,PhD,Principal Engineer,9.761099506,124343.658
39.59016705,Female,Bachelor's,Junior HR Generalist,9.760701084,124378.7633
39.59335073,Male,Master's,Senior Product Manager,9.760302662,124413.8687
39.5965344,Female,Bachelor's,Sales Manager,9.75990424,124448.974
39.59971808,Male,Master's,Director of Marketing,9.759505818,124484.0793
39.60290175,Female,Bachelor's,Junior Operations Analyst,9.759107396,124519.1847
39.60608543,Male,Bachelor's,Customer Service Manager,9.758708974,124554.29
39.6092691,Female,PhD,Senior Scientist,9.758310553,124589.3953
39.61245278,Male,Bachelor's,Junior Accountant,9.757912131,124624.5007
39.61563645,Female,Master's,Senior HR Generalist,9.757513709,124659.606
39.61882013,Male,Bachelor's,Sales Operations Manager,9.757115287,124694.7113
39.6220038,Female,Bachelor's,Marketing Coordinator,9.756716865,124729.8167
39.62518748,Male,Master's,Senior Software Developer,9.756318443,124764.922
39.62837115,Female,Master's,Director of Operations,9.755920021,124800.0274
39.63155483,Male,Bachelor's,Junior Web Designer,9.7555216,124835.1327
39.6347385,Female,Master's,Senior Training Specialist,9.755123178,124870.238
39.63792218,Male,PhD,Senior Research Scientist,9.754724756,124905.3434
39.64110585,Male,Bachelor's,Junior Sales Representative,9.754326334,124940.4487
39.64428953,Female,Bachelor's,Administrative Assistant,9.753927912,124975.554
39.6474732,Male,Master's,Senior Project Manager,9.75352949,125010.6594
39.65065688,Female,Bachelor's,Junior Marketing Manager,9.753131069,125045.7647
39.65384055,Male,Bachelor's,Junior Data Analyst,9.752732647,125080.87
39.65702423,Female,Master's,Senior Product Marketing Manager,9.752334225,125115.9754
39.6602079,Male,Bachelor's,Junior Business Analyst,9.751935803,125151.0807
39.66339158,Female,Master's,Senior Marketing Manager,9.751537381,125186.186
39.66657525,Male,Bachelor's,Junior Software Developer,9.751138959,125221.2914
39.66975893,Male,Bachelor's,Senior Sales Manager,9.750740537,125256.3967
39.6729426,Female,Master's,Junior Marketing Specialist,9.750342116,125291.5021
39.67612628,Male,Bachelor's,Senior Business Analyst,9.749943694,125326.6074
39.67930995,Female,PhD,Senior Data Scientist,9.749545272,125361.7127
39.68249363,Male,Bachelor's,Junior Project Manager,9.74914685,125396.8181
39.6856773,Female,Bachelor's,Senior Accountant,9.748748428,125431.9234
39.68886098,Male,Master's,Director of Sales,9.748350006,125467.0287
39.69204465,Female,Bachelor's,Junior Recruiter,9.747951584,125502.1341
39.69522833,Male,Master's,Senior Business Development Manager,9.747553163,125537.2394
39.698412,Female,PhD,Senior Product Designer,9.747154741,125572.3447
39.70159568,Male,Bachelor's,Junior Customer Support Specialist,9.746756319,125607.4501
39.70477935,Female,Master's,Senior Marketing Analyst,9.746357897,125642.5554
39.70796303,Male,Bachelor's,Senior IT Support Specialist,9.745959475,125677.6607
39.7111467,Female,Bachelor's,Junior Financial Analyst,9.745561053,125712.7661
39.71433038,Male,Master's,Senior Operations Manager,9.745162631,125747.8714
39.71751405,Female,PhD,Director of Human Resources,9.74476421,125782.9768
39.72069773,Male,Bachelor's,Junior Software Engineer,9.744365788,125818.0821
39.7238814,Female,Bachelor's,Senior Sales Representative,9.743967366,125853.1874
39.72706508,Male,Master's,Director of Product Management,9.743568944,125888.2928
39.73024875,Female,Bachelor's,Junior Copywriter,9.743170522,125923.3981
39.73343243,Male,Bachelor's,Senior Marketing Coordinator,9.7427721,125958.5034
39.7366161,Female,Master's,Senior Human Resources Manager,9.742373679,125993.6088
39.73979978,Male,Bachelor's,Junior Business Development Associate,9.741975257,126028.7141
39.74298345,Female,Bachelor's,Senior Account Manager,9.741576835,126063.8194
39.74616713,Male,PhD,Senior Researcher,9.741178413,126098.9248
39.7493508,Female,Bachelor's,Junior HR Coordinator,9.740779991,126134.0301
39.75253448,Male,Master's,Senior Software Engineer,9.740381569,126169.1354
39.75571815,Female,Master's,Director of Finance,9.739983147,126204.2408
39.75890183,Male,Bachelor's,Junior Marketing Coordinator,9.739584726,126239.3461
39.7620855,Male,Bachelor's,Senior Project Manager,9.739186304,126274.4514
39.76526918,Female,Master's,Junior Data Scientist,9.738787882,126309.5568
39.76845285,Male,Bachelor's,Senior Operations Analyst,9.73838946,126344.6621
39.77163653,Female,PhD,Senior Marketing Manager,9.737991038,126379.7675
39.7748202,Male,Bachelor's,Junior Accountant,9.737592616,126414.8728
39.77800388,Female,Bachelor's,Senior Human Resources Coordinator,9.737194194,126449.9781
39.78118755,Male,Master's,Director of Operations,9.736795773,126485.0835
39.78437123,Female,Bachelor's,Junior Sales Representative,9.736397351,126520.1888
39.7875549,Male,Master's,Senior Business Analyst,9.735998929,126555.2941
39.79073858,Female,PhD,Senior UX Designer,9.735600507,126590.3995
39.79392225,Male,Bachelor's,Junior Product Manager,9.735202085,126625.5048
39.79710593,Female,Bachelor's,Senior Marketing Specialist,9.734803663,126660.6101
39.8002896,Male,Bachelor's,Senior IT Project Manager,9.734405242,126695.7155
39.80347328,Female,Master's,Senior Financial Analyst,9.73400682,126730.8208
39.80665695,Male,Bachelor's,Senior Quality Assurance Analyst,9.733608398,126765.9261
39.80984063,Female,PhD,Director of Sales and Marketing,9.733209976,126801.0315
39.8130243,Male,Bachelor's,Junior Operations Analyst,9.732811554,126836.1368
39.81620798,Female,Bachelor's,Senior Account Executive,9.732413132,126871.2422
39.81939165,Male,Master's,Director of Business Development,9.73201471,126906.3475
39.82257533,Female,Bachelor's,Junior Social Media Manager,9.731616289,126941.4528
39.825759,Male,Bachelor's,Senior Product Manager,9.731217867,126976.5582
39.82894268,Female,Master's,Senior Human Resources Specialist,9.730819445,127011.6635
39.83212635,Male,Bachelor's,Junior Business Analyst,9.730421023,127046.7688
39.83531003,Female,Bachelor's,Senior Marketing Coordinator,9.730022601,127081.8742
39.8384937,Male,PhD,Senior Data Analyst,9.729624179,127116.9795
39.84167738,Female,Bachelor's,Junior Account Manager,9.729225757,127152.0848
39.84486105,Male,Master's,Senior Software Developer,9.728827336,127187.1902
39.84804473,Female,Master's,Director of Human Capital,9.728428914,127222.2955
39.8512284,Male,Bachelor's,Junior Advertising Coordinator,9.728030492,127257.4008
39.85441208,Male,Bachelor's,Senior Sales Manager,9.72763207,127292.5062
39.85759575,Female,Master's,Junior UX Designer,9.727233648,127327.6115
39.86077943,Male,Bachelor's,Senior Accountant,9.726835226,127362.7168
39.8639631,Female,PhD,Senior Marketing Director,9.726436804,127397.8222
39.86714678,Male,Bachelor's,Junior HR Generalist,9.726038383,127432.9275
39.87033045,Female,Bachelor's,Senior Operations Manager,9.725639961,127468.0329
39.87351413,Male,Master's,Director of Finance,9.725241539,127503.1382
39.8766978,Female,Bachelor's,Junior Marketing Coordinator,9.724843117,127538.2435
39.87988148,Male,Master's,Senior IT Consultant,9.724444695,127573.3489
39.88306515,Female,PhD,Senior Product Designer,9.724046273,127608.4542
39.88624883,Male,Bachelor's,Junior Business Development Associate,9.723647852,127643.5595
39.8894325,Female,Bachelor's,Senior Marketing Analyst,9.72324943,127678.6649
39.89261618,Male,Bachelor's,Senior Software Engineer,9.722851008,127713.7702
39.89579985,Female,Master's,Senior Financial Advisor,9.722452586,127748.8755
39.89898353,Male,Bachelor's,Senior Project Coordinator,9.722054164,127783.9809
39.9021672,Female,PhD,Director of Operations,9.721655742,127819.0862
39.90535088,Male,Bachelor's,Junior Business Operations Analyst,9.72125732,127854.1915
39.90853455,Female,Bachelor's,Senior Sales Representative,9.720858899,127889.2969
39.91171823,Male,Master's,Director of Marketing,9.720460477,127924.4022
39.9149019,Female,Bachelor's,Junior Social Media Specialist,9.720062055,127959.5076
39.91808558,Male,Bachelor's,Senior Product Development Manager,9.719663633,127994.6129
39.92126925,Female,Master's,Senior Human Resources Manager,9.719265211,128029.7182
39.92445293,Male,Bachelor's,Junior Financial Analyst,9.718866789,128064.8236
39.9276366,Female,Bachelor's,Senior Marketing Manager,9.718468367,128099.9289
39.93082028,Male,PhD,Senior Data Scientist,9.718069946,128135.0342
39.93400395,Female,Bachelor's,Junior Operations Manager,9.717671524,128170.1396
39.93718763,Male,Master's,Senior Software Architect,9.717273102,128205.2449
39.9403713,Female,Master's,Director of Human Resources,9.71687468,128240.3502
39.94355498,Male,Bachelor's,Junior Marketing Specialist,9.716476258,128275.4556
39.94673865,Male,Bachelor's,Senior Project Manager,9.716077836,128310.5609
39.94992233,Female,Master's,Junior Research Scientist,9.715679414,128345.6662
39.953106,Male,Bachelor's,Senior Operations Analyst,9.715280993,128380.7716
39.95628968,Female,PhD,Senior Marketing Manager,9.714882571,128415.8769
39.95947335,Male,Bachelor's,Junior Sales Representative,9.714484149,128450.9822
39.96265703,Female,Bachelor's,Senior Financial Analyst,9.714085727,128486.0876
39.9658407,Male,Master's,Senior Software Developer,9.713687305,128521.1929
39.96902438,Female,Bachelor's,Junior Operations Analyst,9.713288883,128556.2983
39.97220805,Male,Bachelor's,Software Engineer,9.712890462,128591.4036
